CREATE TABLE "users" ("id" INTEGER PRIMARY KEY NOT NULL, "email" varchar DEFAULT '' NOT NULL, "encrypted_password" varchar DEFAULT '' NOT NULL, "reset_password_token" varchar, "reset_password_sent_at" datetime, "remember_created_at" datetime, "sign_in_count" integer DEFAULT 0 NOT NULL, "current_sign_in_at" datetime, "last_sign_in_at" datetime, "current_sign_in_ip" varchar, "last_sign_in_ip" varchar, "name" varchar, "surname" varchar, "admin" boolean DEFAULT 'f', "mailing_list" boolean DEFAULT 'f', "created_at" datetime NOT NULL, "updated_at" datetime NOT NULL, "bio" text DEFAULT '');
INSERT INTO "users" VALUES(1,'colin@digitsoundsystem.co.uk','$2a$10$Ou0SzT4qlhAmYQigpkLL/e/YojoM/u5C9spAyHIHEZ5kH5sC0FIKK',NULL,NULL,NULL,68,'2018-02-16 12:32:07.556638','2017-12-21 12:09:11.055036','109.157.180.63','109.152.204.6','Coco','Currie','t','t','2016-01-20 17:36:36.530742','2018-02-16 12:32:07.579421','Coco, also known as DJ Carbs, Teaeffess or TFS is one half of Carbo & Hydrate and the co-pilot on the Dig It Sound System''s disco bike. Together with Safe D, he helped to cobble together the famous Dig It Disco Bike. Not prepared to stick to any one genre, he can be found playing Jungle, Reggae and Hip Hop as well as his true love - Acid House. 

Check out the [Mixtapes](/mixtapes/) section for sets from Carbs.');
INSERT INTO "users" VALUES(2,'dan@digitsoundsystem.co.uk','$2a$10$r1dWJBIweXAlydwl08X2n.SlphOLur.yYVTJbzz5wZGvnzrqRI5tu',NULL,NULL,'2017-06-23 13:48:37.222867',63,'2018-02-24 21:18:53.656937','2017-06-23 13:48:37.307624','176.252.136.126','81.151.102.209','Danny C ','Carrier','t','f','2016-01-20 17:39:56.249631','2018-02-24 21:18:53.765629','I love all sorts of music, and so to help explain what I like playing as I pedal the bike about, go to the ''tunes'' section on this website and I''ll post up some nice stuff to listen to. Too vague?
Ok: I love house music - deep, old and acid. I love roots reggae. I love funk hip hop and soul. I love drum and bass and I like golden oldies. I like rhythm and blues rock and roll and trad jazz. I like electro and I like when it swings. I like jumpin'' and jivin'' and I love ska. I like anything with a horn section and I''m partial to a drum roll. I like old tunes new tunes remixes mash ups and reimaginings. Come and hear our sound system and you''ll see what I mean. ');
INSERT INTO "users" VALUES(3,'matt@digitsoundsystem.co.uk','$2a$10$EeIpOuXiwqXUPQJbuAL9VORlvVmnGZ1kn7DR/a4HSHdUIG8jx7mkq',NULL,NULL,NULL,6,'2017-04-26 14:54:29.556976','2017-01-04 10:45:24.130803','86.157.229.35','81.156.20.20','Matty G','Gross','t','t','2016-01-20 17:41:56.649361','2017-04-26 14:54:57.912578','Matty G has been DJ''ing with Dig It since the mid-90s and likes to drop a mix of deep house, drum and bass and specially sourced remixes that take classic grooves and give them a modern edge. He has the mixing skills of a black belt – which is kind of fitting, as his day job is working as a Kung Fu instructor.');
INSERT INTO "users" VALUES(4,'carolyn@digitsoundsystem.co.uk','$2a$10$aoNxV6TgaU9UsjMmW.S8iutug7Mp5WRLt6bJcpsnBJlDC4Sitkczi',NULL,NULL,NULL,6,'2017-04-26 14:55:27.452880','2017-01-04 10:43:59.450315','86.157.229.35','81.156.20.20','Cazza B','Boyle','t','f','2016-01-20 17:41:07.518955','2017-04-26 14:55:37.734361','Cazza B steps up to the decks with a mission – to make the Dig It crew dance. Her speciality is scouring fresh takes on party favourites, dropping disco, house and much else besides. Cazza leaves her stamp on parties with a selection that boasts oldies transformed into newbies.');
INSERT INTO "users" VALUES(5,'colin_currie@hotmail.com','$2a$10$RYG1bkjCz0nV763piOxe7eUNTw8b7PmTlbozXBeyc.gVYAkNVT58u',NULL,NULL,NULL,3,'2016-02-25 12:37:28.582062','2016-02-22 20:43:47.658879','86.185.249.105','86.164.45.78','Colin','Currie','t','f','2016-02-21 18:36:19.506350','2016-02-25 12:37:28.585239','');
INSERT INTO "users" VALUES(6,'wherehat@gmsil.com','$2a$10$QUtlrbY0RJRsr5aWpzi4e.tjXvpnozVSfU/vvzrj5cX4amQl6Vipy',NULL,NULL,NULL,1,'2016-05-15 21:59:54.485347','2016-05-15 21:59:54.485347','82.39.235.212','82.39.235.212','Sophie','Levi','f','t','2016-05-15 21:59:54.431033','2016-05-15 21:59:54.488131','');
INSERT INTO "users" VALUES(7,'juicy.roots@totenham.highroad.com','$2a$10$9LPtHF0KGq1ZXbKzstzbCOFOPiXpFwFk1X0pBqt3cECiUXGCQ0m7W',NULL,NULL,NULL,1,'2016-05-19 18:16:29.451009','2016-05-19 18:16:29.451009','86.185.249.95','86.185.249.95','Juicy Roots','Reggae','f','t','2016-05-19 18:16:27.551165','2016-05-19 18:16:29.454165','');
INSERT INTO "users" VALUES(8,'harris.anna@gmail.com','$2a$10$MQSIGZN5p/JfHRQx7fyT2OCaD0xQ2EiWrWoJ3/6Koa.0gG7SzQmfC',NULL,NULL,NULL,1,'2016-05-26 12:31:37.679848','2016-05-26 12:31:37.679848','213.205.198.43','213.205.198.43','Anna','Harris','f','t','2016-05-26 12:31:34.907572','2016-05-26 12:31:37.681523','');
INSERT INTO "users" VALUES(9,'sonya@cloud8.co.uk','$2a$10$InFPz13L.oDIMRQ7StTiROP1OVLt71BCHV9EEMflD0RAAGKIG1KuS',NULL,NULL,NULL,1,'2016-06-07 14:37:39.667322','2016-06-07 14:37:39.667322','92.26.25.189','92.26.25.189','Sonya','23','f','t','2016-06-07 14:37:37.133764','2016-06-07 14:37:39.670591','');
INSERT INTO "users" VALUES(10,'julianatramontana@hotmail.com','$2a$10$O8vLqUyHeMHanIGiFb3bee8zBA87B2gw9uH7uvU8cRC2/1ZQZ6TCu',NULL,NULL,NULL,1,'2016-07-08 06:53:29.212268','2016-07-08 06:53:29.212268','90.196.249.142','90.196.249.142','juliana','tramontana','f','t','2016-07-08 06:53:26.304045','2016-07-08 06:53:29.215326','');
INSERT INTO "users" VALUES(11,'acarboo@hotmail.com','$2a$10$Inua5TquyKunqwf6uRz7UOy55ezal.5pGf20HjZYuLV5AQcJikyXm',NULL,NULL,NULL,1,'2016-07-24 08:26:14.412045','2016-07-24 08:26:14.412045','109.180.108.45','109.180.108.45','Archie','Boo','f','t','2016-07-24 08:26:11.665246','2016-07-24 08:26:14.415370','');
INSERT INTO "users" VALUES(12,'poshspoons@gmail.com','$2a$10$yF0VPOcHe3FuXrqE/WIYzea8fzHczs4aAdBtqNEBjtYdMHt1hViDG',NULL,NULL,NULL,1,'2016-07-25 07:01:41.888603','2016-07-25 07:01:41.888603','81.146.62.106','81.146.62.106','Melanie ','Porter ','f','t','2016-07-25 07:01:39.575232','2016-07-25 07:01:41.906114','');
INSERT INTO "users" VALUES(13,'jaydelms@gmail.com','$2a$10$hZcCb.W/55iJEHakQ1xnLO3cgB.pSUOGiwXOkoeD/tIc.6yTaC17m',NULL,NULL,NULL,1,'2016-08-01 20:32:37.144415','2016-08-01 20:32:37.144415','86.153.199.6','86.153.199.6','Jason','Delmont ','f','t','2016-08-01 20:32:34.093403','2016-08-01 20:32:37.149080','');
INSERT INTO "users" VALUES(14,'leannemaddock@yahoo.co.uk','$2a$10$n86U/YEkhuyUi2U2pKXV3.qvf5xps2tkuvNqM9/9uSFLRaBbegao.',NULL,NULL,'2017-04-26 11:09:34.868677',2,'2017-04-26 11:09:34.980228','2016-08-28 13:36:22.889800','185.69.144.51','185.69.144.253','Leanne','Maddock','f','t','2016-08-28 13:36:20.484692','2017-04-26 11:09:34.999046','');
INSERT INTO "users" VALUES(15,'daniel.waddell@gmail.com','$2a$10$0jg7j9Lo59XXO6n5okfCD.dDpJEpd3eqd2tn.YSmFNDzAXWNubFoW',NULL,NULL,NULL,1,'2016-10-11 12:29:31.591735','2016-10-11 12:29:31.591735','77.98.231.12','77.98.231.12','Daniel','Waddell','f','t','2016-10-11 12:29:29.439892','2016-10-11 12:29:31.595418','');
INSERT INTO "users" VALUES(16,'sharon.harrigan@ntlworld.com','$2a$10$5kP8i7SUUDbyc1ctR7nZruhg8Xlua0Bi.EmTPFVa8EEsi0lBCZiLu',NULL,NULL,NULL,1,'2017-01-20 14:57:22.174035','2017-01-20 14:57:22.174035','80.3.94.150','80.3.94.150','sharon','harrigan','f','t','2017-01-20 14:57:20.548830','2017-01-20 14:57:22.177431','');
INSERT INTO "users" VALUES(17,'jennirward@yahoo.co.uk','$2a$10$Q60qvY3k8uNf73trdd5ulu308EuliBkamm5NKn7kfL8HisabtYLQe',NULL,NULL,NULL,1,'2017-01-21 13:54:20.120751','2017-01-21 13:54:20.120751','82.132.226.105','82.132.226.105','Jenni','Ward','f','t','2017-01-21 13:54:17.968072','2017-01-21 13:54:20.152733','');
INSERT INTO "users" VALUES(18,'lukemtxs@gmail.com','$2a$10$KnBgOtEpw1TB59thS8fIaOue1m65l84P.fGDqRHMjaR2OQ8KtKVEW',NULL,NULL,NULL,1,'2017-01-21 21:16:28.097231','2017-01-21 21:16:28.097231','77.102.186.145','77.102.186.145','Loukas','Metaxas','f','t','2017-01-21 21:16:26.719917','2017-01-21 21:16:28.099803','');
INSERT INTO "users" VALUES(19,'giulia.matrigiani@gmail.com','$2a$10$CFk0SLSPJVPvCUZGNxCOpei9m1sX/CzwsiwIXmB2clLAWnlhbkA/e',NULL,NULL,NULL,1,'2017-01-22 00:36:51.647476','2017-01-22 00:36:51.647476','176.254.215.65','176.254.215.65','Giulia','Matrigiani','f','f','2017-01-22 00:36:50.126531','2017-01-22 00:36:51.650317','');
INSERT INTO "users" VALUES(20,'alexatfullmoon@hotmail.com','$2a$10$F0bZL438sCrjwleu9RTiHeHUcQUIOss04ucZ1DMO6x5O0vLGnRrqa',NULL,NULL,NULL,1,'2017-01-31 12:06:11.625003','2017-01-31 12:06:11.625003','31.73.1.248','31.73.1.248','Alex','Kitama','f','f','2017-01-31 12:06:08.213602','2017-01-31 12:06:11.630767','');
INSERT INTO "users" VALUES(21,'helenecorr@yahoo.co.uk','$2a$10$VglYYPokjrBx.ZYqn72QCeGj4M4Mln7w9G1x67SNoYuWZcqRoZmKm',NULL,NULL,NULL,1,'2017-01-31 17:08:28.233271','2017-01-31 17:08:28.233271','92.237.9.59','92.237.9.59','Helene','Corr','f','t','2017-01-31 17:08:25.768345','2017-01-31 17:08:28.257286','');
INSERT INTO "users" VALUES(22,'mark@2ft4.com','$2a$10$HzJOMkM1Ma.Xp.6TPxJ2suNXxYWRVCdSwxFyZE1RFtPTNhRgE/FDK',NULL,NULL,NULL,1,'2017-03-30 12:40:14.652000','2017-03-30 12:40:14.652000','86.179.71.107','86.179.71.107','mark','fewell','f','f','2017-03-30 12:40:11.956255','2017-03-30 12:40:14.657325','');
INSERT INTO "users" VALUES(23,'beck@hemingwaydesign.co.uk','$2a$10$w9f5ZFN2DbGs7d.Z3QD.lOvjNkhPE53U83Xpt/YudKRfcrKQoew3K',NULL,NULL,NULL,1,'2017-04-10 10:16:14.077604','2017-04-10 10:16:14.077604','81.149.58.191','81.149.58.191','beck ','hemingway','f','f','2017-04-10 10:16:11.724351','2017-04-10 10:16:14.080871','');
INSERT INTO "users" VALUES(24,'katefclark@yahoo.co.uk','$2a$10$YH451xZ9k0MikkvI9onHMO1mUCUXq1h4C34NJrXrwvi3s.3fodKgK',NULL,NULL,NULL,1,'2017-04-28 10:17:00.216320','2017-04-28 10:17:00.216320','82.47.233.117','82.47.233.117','Kate','Clark','f','f','2017-04-28 10:16:57.081612','2017-04-28 10:17:00.219082','');
INSERT INTO "users" VALUES(25,'marksavagelondon@protonmail.com','$2a$10$gazdD1M3O1tTWWlzHJikCeOe1V6H7Y/36jeEDfVAg8qDtc5OPZnse',NULL,NULL,NULL,1,'2017-05-29 18:58:16.088100','2017-05-29 18:58:16.088100','82.132.184.58','82.132.184.58','Mark','Savage','f','f','2017-05-29 18:58:13.990977','2017-05-29 18:58:16.091531','');
INSERT INTO "users" VALUES(26,'annahargreaves@hotmail.com','$2a$10$8WyUUWrch2IcEeY5EYt61OHnDNhk2DocDTbiw6Po/Sz2AgZ1f4Cze',NULL,NULL,NULL,1,'2017-06-04 19:04:46.152097','2017-06-04 19:04:46.152097','85.255.233.183','85.255.233.183','Anna','Hargreaves ','f','t','2017-06-04 19:04:43.227350','2017-06-04 19:04:46.155635','');
INSERT INTO "users" VALUES(27,'vanessa_freeman@yahooo.co.uk','$2a$10$0HKHSTcZPtOzEc4AdkhW0eDlIriY0rkTQ/2hstZmyM0ZgOj3tsgbW',NULL,NULL,NULL,1,'2017-06-04 20:48:14.687424','2017-06-04 20:48:14.687424','77.99.153.216','77.99.153.216','vanessa','freeman','f','t','2017-06-04 20:48:12.879077','2017-06-04 20:48:14.690615','');
INSERT INTO "users" VALUES(28,'lisacroasdale@gmail.com','$2a$10$HubfgTKeqJRelg0OSSkKoOIpfA8a7pfe1PwCC4NdfwjXtEg/qiPzS',NULL,NULL,NULL,1,'2017-06-30 15:01:40.662306','2017-06-30 15:01:40.662306','79.73.129.148','79.73.129.148','Lisa','Croasdale','f','t','2017-06-30 15:01:37.484248','2017-06-30 15:01:40.666395','');
INSERT INTO "users" VALUES(29,'bizzlekrystle@yahoo.co.uk','$2a$10$5y03Af1UC0VYWtQgbNqjZeeaqFPfrqkRgPVb2QqBkeYj6cJpFjDb6',NULL,NULL,NULL,1,'2017-07-01 17:12:51.238072','2017-07-01 17:12:51.238072','94.174.162.23','94.174.162.23','Krystle ','Stack ','f','f','2017-07-01 17:12:48.768618','2017-07-01 17:12:51.244174','');
INSERT INTO "users" VALUES(30,'vanesssa_freeman@yahoo.co.uk','$2a$10$oKM9Knex8XryMEFa3G4ruOenN92wJNtgza6NUx02XwjEQMpccdo/S',NULL,NULL,NULL,1,'2017-07-02 11:08:53.502564','2017-07-02 11:08:53.502564','77.99.153.216','77.99.153.216','Vanessa','freeman','f','t','2017-07-02 11:08:50.512366','2017-07-02 11:08:53.506173','');
INSERT INTO "users" VALUES(31,'bellaski@live.com','$2a$10$G7QntmSdM0JZ1WKB4/XeaunyJDNegqo3kjb6OvdT4ajb8dW85odfy',NULL,NULL,NULL,1,'2017-07-02 22:09:36.396805','2017-07-02 22:09:36.396805','82.132.231.192','82.132.231.192','Isabella ','Zoltowski ','f','t','2017-07-02 22:09:34.479271','2017-07-02 22:09:36.410962','');
INSERT INTO "users" VALUES(32,'claire.e.eastlake@gmail.com','$2a$10$3KPQ5BZhhqvP3v6nIMe7FuFm2OPeXcrFGdEyyeeeYPcioUMYvZrF.',NULL,NULL,NULL,1,'2017-08-01 09:46:04.433874','2017-08-01 09:46:04.433874','94.1.93.150','94.1.93.150','Claire','Eastlake','f','t','2017-08-01 09:46:01.181189','2017-08-01 09:46:04.436085','');
INSERT INTO "users" VALUES(33,'asleopsahl@gmail.com','$2a$10$r1WxqHLP2DYqKJJ/wvkJNu5yAIBkHgfDVzmgZ0.dSXbdGc6AWcRvu',NULL,NULL,NULL,1,'2017-08-02 20:15:33.539635','2017-08-02 20:15:33.539635','136.252.163.99','136.252.163.99','Asle','Opsahl','f','t','2017-08-02 20:15:31.131205','2017-08-02 20:15:33.542453','');
INSERT INTO "users" VALUES(34,'meeshlewis@icloud.com','$2a$10$xujeoOsXGWJxcj6rcUJnqO4tjU3QI0vdf0KFGPiwRoWw3YuTvVP.e',NULL,NULL,NULL,1,'2017-08-06 15:59:08.099257','2017-08-06 15:59:08.099257','82.34.145.85','82.34.145.85','Michelle','Lewis','f','t','2017-08-06 15:59:05.215279','2017-08-06 15:59:08.102731','');
INSERT INTO "users" VALUES(35,'jobertie@hotmail.co.uk','$2a$10$foCfs2aFMwnAHmr3cFRdIuDMN.tyoOu0VmOigqtTNZhmc/n32iIfO',NULL,NULL,NULL,1,'2017-09-06 23:48:47.092954','2017-09-06 23:48:47.092954','109.154.233.212','109.154.233.212','jo','cyl','f','t','2017-09-06 23:48:43.591422','2017-09-06 23:48:47.107565','');
INSERT INTO "users" VALUES(36,'rebecks73@yahoo.co.uk','$2a$10$nNanaXiqdPBr84clGWyi9uV/qy0sfTVmBiyvIuBMZdm56lubst4va',NULL,NULL,NULL,1,'2017-09-18 18:00:19.718759','2017-09-18 18:00:19.718759','87.224.96.63','87.224.96.63','Rebecca','Johnson','f','t','2017-09-18 18:00:12.858712','2017-09-18 18:00:19.742658','');
INSERT INTO "users" VALUES(37,'sussit11@hotmail.com','$2a$10$2Xp5e3VxF1ChIx1e2Vm8.OohjPfPdLChUZbGICWrgEQ18MkWvll1K',NULL,NULL,NULL,1,'2017-09-28 20:50:58.758956','2017-09-28 20:50:58.758956','89.240.83.153','89.240.83.153','Susan','Gardner','f','t','2017-09-28 20:50:52.145548','2017-09-28 20:50:58.763260','');
INSERT INTO "users" VALUES(38,'kateclark77@gmail.com','$2a$10$HmnVLl3WsTdmJ8Jdp6btBu9IV97GLwCO1mvqUHIASfH6lBz81UMim',NULL,NULL,NULL,1,'2017-11-19 15:43:10.816452','2017-11-19 15:43:10.816452','82.132.236.159','82.132.236.159','Kate','Clark','f','t','2017-11-19 15:43:08.128810','2017-11-19 15:43:10.820470','');
INSERT INTO "users" VALUES(39,'katemisrahi3@gmail.com','$2a$10$WQqVDMqNJEyEeKDosPZr9OzMHQmuq0iFqtB/bqFh2gYlFMnOU/u5W',NULL,NULL,NULL,1,'2017-11-26 20:41:24.929305','2017-11-26 20:41:24.929305','81.99.219.197','81.99.219.197','kate','misrahi','f','t','2017-11-26 20:41:21.894486','2017-11-26 20:41:24.930881','');
CREATE TABLE "photos" ("id" INTEGER PRIMARY KEY NOT NULL, "description" varchar, "user_id" integer, "created_at" datetime NOT NULL, "updated_at" datetime NOT NULL, "image_file_name" varchar, "image_content_type" varchar, "image_file_size" integer, "image_updated_at" datetime, "score" integer DEFAULT 0);
INSERT INTO "photos" VALUES(15,'Dan at the Camden Crawl',5,'2016-02-21 18:51:38.675076','2016-02-21 18:51:38.675076','IMG_5492.jpg','image/jpeg',129245,'2016-02-21 18:51:32.671160',0);
INSERT INTO "photos" VALUES(17,'Rave Street NW5',5,'2016-02-21 18:58:16.798788','2016-02-21 18:58:16.798788','rave_street.jpg','image/jpeg',119903,'2016-02-21 18:58:05.885728',0);
INSERT INTO "photos" VALUES(18,'Dan at Field Day',5,'2016-02-22 20:49:56.991658','2016-02-22 20:49:56.991658','P1000420.jpg','image/jpeg',341821,'2016-02-22 20:49:46.788057',0);
INSERT INTO "photos" VALUES(19,'Matt at Bermondsey Street',5,'2016-02-22 20:51:53.607460','2016-02-22 20:53:51.273060','IMG_3437.jpg','image/jpeg',277299,'2016-02-22 20:51:41.417622',0);
INSERT INTO "photos" VALUES(20,'Dan and The Elvi at Bermonsey Street Festival',5,'2016-02-22 20:53:05.966992','2016-02-22 20:53:05.966992','IMG_3415.jpg','image/jpeg',355709,'2016-02-22 20:52:59.971770',0);
INSERT INTO "photos" VALUES(21,'Dan taking the sound system to the streets for a TUC demo',5,'2016-02-22 20:55:55.629982','2016-02-22 20:55:55.629982','IMG_3565.jpg','image/jpeg',458530,'2016-02-22 20:55:36.405808',0);
INSERT INTO "photos" VALUES(22,'Tom Paine',5,'2016-02-22 20:57:51.119771','2016-02-22 20:57:51.119771','IMG_3548.JPG','image/jpeg',290440,'2016-02-22 20:57:41.268709',0);
INSERT INTO "photos" VALUES(23,'Press Coverage in the Guardian',5,'2016-02-22 20:58:42.266711','2016-02-22 20:58:42.266711','2015-06-23_13.52.42_HDR.jpg','image/jpeg',199952,'2016-02-22 20:58:37.196519',0);
INSERT INTO "photos" VALUES(24,'Mattias and Dave at Field Day',5,'2016-02-22 21:00:26.869046','2016-02-22 21:00:26.869046','P1010496.JPG','image/jpeg',376477,'2016-02-22 21:00:16.570167',0);
INSERT INTO "photos" VALUES(25,'Setting up at Field Day',5,'2016-02-22 21:02:22.896716','2016-02-22 21:02:22.896716','IMG_2856.jpg','image/jpeg',355037,'2016-02-22 21:02:16.222689',0);
INSERT INTO "photos" VALUES(27,'Colin and Dan on the decks at Standon Calling, 2011',2,'2016-02-23 14:16:45.411801','2016-02-23 14:16:45.411801','39061_460813167039_752942039_6779554_3870838_n.jpg','image/jpeg',108594,'2016-02-23 14:16:41.991730',0);
INSERT INTO "photos" VALUES(28,'Colin and Dan on a TUC march for jobs, October 2014',2,'2016-02-23 14:18:57.643889','2016-02-23 14:18:57.643889','DigItSoundsystem6.jpg','image/jpeg',174186,'2016-02-23 14:18:49.922771',0);
INSERT INTO "photos" VALUES(29,'Carolyn Dj''ing on the rig at the Parliament Hill Bandstand Heath party, July, 2015... ',2,'2016-02-23 14:25:17.287980','2016-02-23 14:25:17.287980','IMG_0248.JPG','image/jpeg',155028,'2016-02-23 14:24:45.634993',0);
INSERT INTO "photos" VALUES(30,'Playing the 45s',2,'2016-02-23 14:29:18.620404','2016-02-23 14:29:18.620404','IMG_0173.JPG','image/jpeg',168517,'2016-02-23 14:28:58.783638',0);
INSERT INTO "photos" VALUES(31,'Matty G gets busy',2,'2016-02-23 14:43:22.035968','2016-02-23 14:43:22.035968','IMG_0202.JPG','image/jpeg',176941,'2016-02-23 14:42:45.919298',0);
INSERT INTO "photos" VALUES(32,'Citizens Not Subjects. The infamous hay fight at Field Day',5,'2016-02-23 14:44:15.770834','2016-02-23 14:45:25.501831','P1000448.jpg','image/jpeg',658967,'2016-02-23 14:44:05.715059',0);
INSERT INTO "photos" VALUES(33,'Getting down at the Parliament Hill Band stand July 2015',2,'2016-02-23 14:46:03.108173','2016-02-23 14:46:03.108173','IMG_0291.JPG','image/jpeg',207877,'2016-02-23 14:45:41.094993',0);
INSERT INTO "photos" VALUES(34,'You know that!',2,'2016-02-23 14:55:32.685736','2016-02-23 14:55:32.685736','IMG_3074.PNG','image/png',1548308,'2016-02-23 14:51:13.264216',0);
INSERT INTO "photos" VALUES(36,'Matty G and Colin C behind the decks',2,'2016-02-23 16:13:01.117492','2016-02-23 16:13:01.117492','IMG_0279.JPG','image/jpeg',199336,'2016-02-23 16:12:22.001077',0);
INSERT INTO "photos" VALUES(37,'Kitty & Daisy take over the decks at Alma Street',5,'2016-02-24 10:21:28.874697','2016-02-24 10:21:28.874697','IMG_5728.JPG','image/jpeg',221145,'2016-02-24 10:21:26.199743',0);
INSERT INTO "photos" VALUES(38,'The old logo from back in the Brighton Funky Buddha days',2,'2016-03-04 09:31:14.595666','2016-03-04 09:31:14.595666','IMG_1078.JPG','image/jpeg',399439,'2016-03-04 09:31:10.344521',0);
INSERT INTO "photos" VALUES(39,'Stickers!',2,'2016-03-04 09:31:35.695501','2016-03-04 09:31:35.695501','IMG_1080.JPG','image/jpeg',70651,'2016-03-04 09:31:33.345484',0);
INSERT INTO "photos" VALUES(40,'Matty G going all techno on us again. This time with an iPad as well as his filthy 4 4 bangers.',1,'2016-04-22 18:47:51.312005','2016-05-26 18:07:46.445796','DigItSoundSystemAntiAusterityMarchApril16PictureH.jpg','image/jpeg',153616,'2016-04-22 18:47:49.179396',0);
INSERT INTO "photos" VALUES(42,'A police escort to help us get through the crowds at the Peoples Assembly march 2016.',1,'2016-04-22 18:49:25.355128','2016-05-26 18:09:12.928107','DigItSoundSystemAntiAusterityMarchApril16PictureF.jpg','image/jpeg',210272,'2016-04-22 18:49:24.271096',0);
INSERT INTO "photos" VALUES(43,'Here are some pictures taken by Berlin-based journalist and music blogger EarEyeAm at the Peoples Assembly march on April 16th... Thanks for sharing. http://eareyeam.blogsport.de/
',1,'2016-04-22 18:49:41.693759','2016-04-22 18:49:41.693759','DigItSoundSystemAntiAusterityMarchApril16PictureC.jpg','image/jpeg',201063,'2016-04-22 18:49:39.866469',0);
INSERT INTO "photos" VALUES(45,'Here are some pictures taken by Berlin-based journalist and music blogger EarEyeAm at the Peoples Assembly march on April 16th... Thanks for sharing. http://eareyeam.blogsport.de/
',1,'2016-04-22 18:50:20.081557','2016-04-22 18:50:20.081557','DigItSoundSystemAntiAusterityMarchApril16PictureI.jpg','image/jpeg',198944,'2016-04-22 18:50:17.591862',0);
INSERT INTO "photos" VALUES(46,'Here are some pictures taken by Berlin-based journalist and music blogger EarEyeAm at the Peoples Assembly march on April 16th... Thanks for sharing. http://eareyeam.blogsport.de/
',1,'2016-04-22 18:50:54.532089','2016-04-22 18:50:54.532089','DigItSoundSystemAntiAusterityMarchApril16PictureD.jpg','image/jpeg',178728,'2016-04-22 18:50:53.177449',0);
INSERT INTO "photos" VALUES(47,'Here are some pictures taken by Berlin-based journalist and music blogger EarEyeAm at the Peoples Assembly march on April 16th... Thanks for sharing. http://eareyeam.blogsport.de/
',1,'2016-04-22 18:51:15.051022','2016-04-22 18:51:15.051022','DigItSoundSystemAntiAusterityMarchApril16PictureG.jpg','image/jpeg',167580,'2016-04-22 18:51:13.961085',0);
INSERT INTO "photos" VALUES(48,'Here are some pictures taken by Berlin-based journalist and music blogger EarEyeAm at the Peoples Assembly march on April 16th... Thanks for sharing. http://eareyeam.blogsport.de/
',1,'2016-04-22 18:51:30.819931','2016-04-22 18:51:30.819931','DigItSoundSystemAntiAusterityMarchApril16PictureA.jpg','image/jpeg',208462,'2016-04-22 18:51:29.660655',0);
INSERT INTO "photos" VALUES(51,'Here are some pictures taken by Berlin-based journalist and music blogger EarEyeAm at the Peoples Assembly march on April 16th... Thanks for sharing. http://eareyeam.blogsport.de/
',1,'2016-04-22 18:52:16.373662','2016-04-22 18:52:16.373662','DigItSoundSystemAntiAusterityMarchApril16PictureB.jpg','image/jpeg',186127,'2016-04-22 18:52:15.283488',0);
INSERT INTO "photos" VALUES(53,'We had a great little Dig It party up on Hampstead Heath in the Band Stand. Weird shot, nice camera, good vibes. Videos to come soon.',1,'2016-05-24 09:57:05.494020','2016-05-24 09:57:05.494020','digitsoundsystem_parliamenthillbandstand_eyeman.png','image/png',720691,'2016-05-24 09:57:01.898120',0);
INSERT INTO "photos" VALUES(54,'An early prototype',1,'2016-05-26 17:55:11.107511','2016-05-26 17:55:11.107511','IMG_0560.JPG','image/jpeg',334668,'2016-05-26 17:55:08.004296',0);
INSERT INTO "photos" VALUES(55,'Early days - building the disco bike',1,'2016-05-26 17:57:46.677172','2016-05-26 17:57:46.677172','IMG_0584.JPG','image/jpeg',328498,'2016-05-26 17:57:44.099008',0);
INSERT INTO "photos" VALUES(56,'The first ever outing at the Peoples Assembly March in 2011 had the Tolpuddle Martyrs on the side.',1,'2016-05-26 18:02:46.974093','2016-05-26 18:02:46.974093','IMG_0599.JPG','image/jpeg',188559,'2016-05-26 18:02:45.187248',0);
INSERT INTO "photos" VALUES(57,'Building the Behemoth in Dan''s Garden ',1,'2016-05-26 18:04:36.383691','2016-05-26 18:04:36.383691','IMG_1181.JPG','image/jpeg',236128,'2016-05-26 18:04:34.703531',0);
INSERT INTO "photos" VALUES(59,'Parlie Hill 2016
Flag Day!',2,'2016-07-27 22:53:44.808308','2016-07-27 22:53:44.808308','image.jpeg','image/jpeg',250064,'2016-07-27 22:53:40.750378',1469660024);
INSERT INTO "photos" VALUES(60,'Matty G got on a little drum n bass tip',2,'2016-07-27 22:55:45.746278','2016-07-27 22:55:45.746278','image.jpeg','image/jpeg',227906,'2016-07-27 22:55:42.530378',1469660145);
INSERT INTO "photos" VALUES(61,'Our new pitch on Bermondsey Street for the festival.',1,'2016-11-08 08:59:56.399113','2016-11-08 08:59:56.399113','Screenshot_20161106-130459.png','image/png',735484,'2016-11-08 08:59:53.314771',1478595596);
INSERT INTO "photos" VALUES(62,'Danny C, with Matt Caz and Simon. Bermondsey Street 2016',1,'2016-11-08 09:01:28.359328','2016-11-08 09:01:28.359328','Screenshot_20161105-173952.png','image/png',744090,'2016-11-08 09:01:26.096477',1478595688);
INSERT INTO "photos" VALUES(63,'Tagged!',1,'2016-12-07 11:53:56.458376','2016-12-07 11:53:56.458376','2015-07-10_19.39.16_HDR.jpg','image/jpeg',313114,'2016-12-07 11:53:49.916431',1481111636);
INSERT INTO "photos" VALUES(64,'Standon 2017',1,'2017-08-01 10:37:49.191141','2017-08-01 10:37:49.191141','standon2017-1.png','image/png',968555,'2017-08-01 10:37:45.495419',1501583869);
INSERT INTO "photos" VALUES(65,'Coco driving around at Standon 2017',1,'2017-08-03 16:16:52.813084','2017-08-03 16:16:52.813084','standon2017.png','image/png',994808,'2017-08-03 16:16:48.913572',1501777012);
INSERT INTO "photos" VALUES(67,'Geriatrics do Standon 2017',1,'2017-08-03 16:31:17.164315','2017-08-03 16:31:17.164315','gerryatrics_big.png','image/png',729793,'2017-08-03 16:31:13.848712',1501777877);
INSERT INTO "photos" VALUES(68,'Colin behind the decks... and THE rave stick',1,'2017-08-03 16:32:10.675344','2017-08-03 16:32:10.675344','ravestick.png','image/png',584196,'2017-08-03 16:32:07.991262',1501777930);
INSERT INTO "photos" VALUES(69,'The bike',1,'2017-08-06 22:39:43.655296','2017-08-06 22:39:43.655296','IMG_20170805_150043.jpg','image/jpeg',101052,'2017-08-06 22:39:39.458820',1502059183);
INSERT INTO "photos" VALUES(70,'Dig It goes all Cuban for Rock Around The Blockade, Oct 7th 2017',1,'2017-10-02 15:35:27.187976','2017-10-02 15:35:27.187976','dig_it_cuba.png','image/png',28530,'2017-10-02 15:35:23.806404',1506958527);
CREATE TABLE "mixtapes" ("id" INTEGER PRIMARY KEY NOT NULL, "url" varchar, "title" varchar, "description" text, "html" varchar, "user_id" integer, "created_at" datetime NOT NULL, "updated_at" datetime NOT NULL, "score" integer);
INSERT INTO "mixtapes" VALUES(6,'https://www.mixcloud.com/DigItSoundSystem/digitdemo_20092013/','Dig It Sound System Demo','The first Dig It Promo Mix','<iframe width="900" height="150" src="https://www.mixcloud.com/widget/iframe/?feed=https%3A%2F%2Fwww.mixcloud.com%2FDigItSoundSystem%2Fdigitdemo_20092013%2F&amp;hide_cover=1&amp;light=1" frameborder="0"></iframe>
',1,'2016-02-25 12:27:18.178182','2016-06-30 15:40:07.321363',1467301123);
INSERT INTO "mixtapes" VALUES(7,'https://www.mixcloud.com/DigItSoundSystem/arn2lhr/','Italo Disco','From Disco To Techno','<iframe width="900" height="150" src="https://www.mixcloud.com/widget/iframe/?feed=https%3A%2F%2Fwww.mixcloud.com%2FDigItSoundSystem%2Farn2lhr%2F&amp;hide_cover=1&amp;light=1" frameborder="0"></iframe>
',1,'2016-02-25 12:29:54.827913','2016-06-30 15:40:15.922861',1467301110);
INSERT INTO "mixtapes" VALUES(8,'https://www.mixcloud.com/DigItSoundSystem/nyc4nye/','Bass Purr','A mix of new music with some old and a wee bit of acid','<iframe width="900" height="150" src="https://www.mixcloud.com/widget/iframe/?feed=https%3A%2F%2Fwww.mixcloud.com%2FDigItSoundSystem%2Fnyc4nye%2F&amp;hide_cover=1&amp;light=1" frameborder="0"></iframe>
',1,'2016-02-25 12:32:06.706818','2016-06-30 15:40:16.024991',1467301107);
INSERT INTO "mixtapes" VALUES(9,'https://www.mixcloud.com/DigItSoundSystem/lhr2mia/','Dub Dat','2 hours of dub reggae - Dig It Sound System style','<iframe width="900" height="150" src="https://www.mixcloud.com/widget/iframe/?feed=https%3A%2F%2Fwww.mixcloud.com%2FDigItSoundSystem%2Flhr2mia%2F&amp;hide_cover=1&amp;light=1" frameborder="0"></iframe>
',1,'2016-02-25 12:33:00.580640','2016-06-30 15:39:20.698633',1467301113);
INSERT INTO "mixtapes" VALUES(10,'https://www.mixcloud.com/DigItSoundSystem/1001-nights/','1001 Nights','A filthy filthy dirty house mix from Matty G','<iframe width="900" height="150" src="https://www.mixcloud.com/widget/iframe/?feed=https%3A%2F%2Fwww.mixcloud.com%2FDigItSoundSystem%2F1001-nights%2F&amp;hide_cover=1&amp;light=1" frameborder="0"></iframe>
',1,'2016-02-25 12:33:54.306961','2016-06-30 15:39:52.047763',1467301126);
INSERT INTO "mixtapes" VALUES(11,'https://www.mixcloud.com/DigItSoundSystem/everybody-loves-a-303/','Everybody Loves a 303','Pure acid indulgence from Colin','<iframe width="900" height="150" src="https://www.mixcloud.com/widget/iframe/?feed=https%3A%2F%2Fwww.mixcloud.com%2FDigItSoundSystem%2Feverybody-loves-a-303%2F&amp;hide_cover=1&amp;light=1" frameborder="0"></iframe>
',1,'2016-02-25 12:34:44.615519','2016-06-30 15:40:07.200700',1467301119);
INSERT INTO "mixtapes" VALUES(12,'https://www.mixcloud.com/DigItSoundSystem/marialmast/','Marialmast','A breakbeat mix inspired and recorded after our annual spot at Alma Street Fair','<iframe width="900" height="150" src="https://www.mixcloud.com/widget/iframe/?feed=https%3A%2F%2Fwww.mixcloud.com%2FDigItSoundSystem%2Fmarialmast%2F&amp;hide_cover=1&amp;light=1" frameborder="0"></iframe>
',1,'2016-02-25 12:36:12.410518','2016-06-30 15:39:46.685808',1467301129);
INSERT INTO "mixtapes" VALUES(13,'https://www.mixcloud.com/DigItSoundSystem/hustling-for-house/','Hustling For House','An homage to the I''m A House Gangster movement and particularly the Bangers compilation series. 1 label, 2 compilations, 24 tracks, 64 minutes of jackin house bangers.','<iframe width="900" height="150" src="https://www.mixcloud.com/widget/iframe/?feed=https%3A%2F%2Fwww.mixcloud.com%2FDigItSoundSystem%2Fhustling-for-house%2F&amp;hide_cover=1&amp;light=1" frameborder="0"></iframe>
',1,'2016-04-12 16:35:36.731608','2016-06-30 15:40:00.434789',1467301116);
INSERT INTO "mixtapes" VALUES(14,'https://www.mixcloud.com/satkinson/simon-atkinson-live-at-terry-francis-50th-30-07-2016/','Simon Atkinson','Dig It''s friend the Brighton based DJ Simon Atkinson sent us this beauty from a set he did the other night at Fabric. Mighty fine - enjoy!','<iframe width="900" height="150" src="https://www.mixcloud.com/widget/iframe/?feed=https%3A%2F%2Fwww.mixcloud.com%2Fsatkinson%2Fsimon-atkinson-live-at-terry-francis-50th-30-07-2016%2F&amp;hide_cover=1&amp;light=1" frameborder="0"></iframe>
',1,'2016-08-15 17:22:02.571018','2017-09-11 09:57:06.130433',1471281722);
INSERT INTO "mixtapes" VALUES(15,'https://www.mixcloud.com/DigItSoundSystem/i-am-one/','I Am One','Bangin'' tech house','<iframe width="900" height="150" src="https://www.mixcloud.com/widget/iframe/?feed=https%3A%2F%2Fwww.mixcloud.com%2FDigItSoundSystem%2Fi-am-one%2F&amp;hide_cover=1&amp;light=1" frameborder="0"></iframe>
',1,'2016-11-30 19:34:13.797129','2016-12-02 09:30:49.641523',1480534453);
INSERT INTO "mixtapes" VALUES(16,'https://www.mixcloud.com/DigItSoundSystem/flip-out-on-an-acid-trip/','Flip Out on an Acid Trip','','<iframe width="900" height="150" src="https://www.mixcloud.com/widget/iframe/?feed=https%3A%2F%2Fwww.mixcloud.com%2FDigItSoundSystem%2Fflip-out-on-an-acid-trip%2F&amp;hide_cover=1&amp;light=1" frameborder="0"></iframe>
',1,'2017-02-06 09:33:44.682337','2017-09-11 09:55:13.012627',1486373624);
INSERT INTO "mixtapes" VALUES(17,'https://www.mixcloud.com/DigItSoundSystem/morphology/','Morphology','','<iframe width="900" height="150" src="https://www.mixcloud.com/widget/iframe/?feed=https%3A%2F%2Fwww.mixcloud.com%2FDigItSoundSystem%2Fmorphology%2F&amp;hide_cover=1&amp;light=1" frameborder="0"></iframe>
',1,'2017-08-29 15:43:21.868138','2017-09-11 09:54:19.754472',1504021401);
INSERT INTO "mixtapes" VALUES(18,'https://www.mixcloud.com/DigItSoundSystem/gangskarap/','Gangska Rap','Parental Advisory Explicit Lyrics','<iframe width="900" height="150" src="https://www.mixcloud.com/widget/iframe/?feed=https%3A%2F%2Fwww.mixcloud.com%2FDigItSoundSystem%2Fgangskarap%2F&amp;hide_cover=1&amp;light=1" frameborder="0"></iframe>
',1,'2017-10-20 12:38:19.195856','2017-10-20 13:47:18.449804',1508503099);
INSERT INTO "mixtapes" VALUES(19,'https://www.mixcloud.com/DigItSoundSystem/fire-feast-skip-garden-16122017/','Fire Feast 16/12/2017','This is the mid section from the Fire Feast party @ the Skip Garden in Kings Cross. Recorded straight out of the mixer warts and all. Thanks for everyone who made it down there, we''re planning on playing there again in January, see http://www.digitsoundsystem.co.uk/ for details.','<iframe width="900" height="150" src="https://www.mixcloud.com/widget/iframe/?feed=https%3A%2F%2Fwww.mixcloud.com%2FDigItSoundSystem%2Ffire-feast-skip-garden-16122017%2F&amp;hide_cover=1&amp;light=1" frameborder="0"></iframe>
',1,'2017-12-21 12:12:00.578903','2017-12-21 12:12:00.578903',1513858320);
INSERT INTO "mixtapes" VALUES(20,'https://www.mixcloud.com/BoogalooRadio/the-dig-it-sound-system-boogaloo-sessions-january-12th-2018/','A Boogaloo session...','...with a Julien Temple interview.','<iframe width="900" height="150" src="https://www.mixcloud.com/widget/iframe/?feed=https%3A%2F%2Fwww.mixcloud.com%2FBoogalooRadio%2Fthe-dig-it-sound-system-boogaloo-sessions-january-12th-2018%2F&amp;hide_cover=1&amp;light=1" frameborder="0"></iframe>
',2,'2018-02-24 21:41:45.935060','2018-02-24 21:41:45.935060',1519508505);
CREATE TABLE "stories" ("id" INTEGER PRIMARY KEY NOT NULL, "title" varchar, "content" text, "user_id" integer, "created_at" datetime NOT NULL, "updated_at" datetime NOT NULL, "image_file_name" varchar, "image_content_type" varchar, "image_file_size" integer, "image_updated_at" datetime, "image_position" varchar);
INSERT INTO "stories" VALUES(4,'New Website','Hi All, and welcome to our new web site. Please keep checking back over the next couple of weeks for new features including the DJ Profile pages, our current favourite tunes and a calendar of all the up and coming gigs.',5,'2016-02-21 18:42:21.259267','2016-02-21 18:42:21.259267',NULL,NULL,NULL,NULL,NULL);
INSERT INTO "stories" VALUES(6,'Dates this summer','We''ll be playing tunes at the Alma Street Fair NW5 on July 17th...Parlie Hill Band Stand on July 24th...The York Rise Festival NW5 on September 11th...',2,'2016-03-03 23:41:02.678530','2016-03-03 23:41:02.678530',NULL,NULL,NULL,NULL,NULL);
INSERT INTO "stories" VALUES(7,'Check this out - an interview with German music blog EarEyeAm that tells you a little bit about the Dig It machine','http://eareyeam.blogsport.de/2014/10/17/getting-people-to-dance-is-a-political-act/',2,'2016-03-04 10:28:42.199642','2016-03-04 11:43:43.690735',NULL,NULL,NULL,NULL,NULL);
INSERT INTO "stories" VALUES(8,'Want to look swanky?','We still have some limited edition Dig It crew tee shirts available - send us an email and we''ll pop a goodie bag in the post for you... ',2,'2016-03-04 11:47:30.003708','2016-03-04 23:38:09.030328',NULL,NULL,NULL,NULL,NULL);
INSERT INTO "stories" VALUES(9,'Standon Calling','We''ve been playing at the lovely Standon Calling festival for awhile now. Our first Dj adventure was a few years back, when we dragged a pair of big speakers into a tee-pee and threw a weekend long party. I remember hiring a van and lugging these fat speakers down there, only to discover as we set them up that there was already a wicked PA in the place for us to use...those speakers we''d carried about were used to balance a beer on for most of the weekend. I remember fairly early on the Friday evening getting away with playing a really fun old funk and soul style set, with a bit of rhythm and blues and classic rock and roll, ska, all sorts - really nice crowd to play to. The following year we came back, and the person hosting the tent - the poet Salena Godden was doing a poetry thing in the tee-pee during the day and into the evening before we DJ''d - had moved into a yurt. Colin, Matt and I dropped loads of tunes: I remember playing 50 Ways To Leave Your Lover and as the opening bars came in, a couple of blokes came over and were so into it, they did a spin-back on the first eight bars and we started the tune again - place loved it. Very funny. Then there was the year where the theme was Gods and Monsters: we took the bike out around the campsite, got loads of little parties going, and then went down into the area with the bars and food places and we had a laugh getting down in a field on a beautiful summers evening... So, Standon: see you there. ',2,'2016-03-04 23:46:35.090639','2016-03-04 23:46:35.090639',NULL,NULL,NULL,NULL,NULL);
INSERT INTO "stories" VALUES(10,'Parliament Hill Band Stand, Hampstead Heath.','Last July, we took to the band stand for a proper home gig - not far for us to peddle, and not far for our mates to wander along to. It was a gorgeous Friday evening.
We''re back this July, Sunday 24th - we''ll be playing during the day, so bring a picnic, some beers and let''s have an NW5 party.',2,'2016-03-04 23:49:10.599239','2016-03-04 23:49:10.599239',NULL,NULL,NULL,NULL,NULL);
INSERT INTO "stories" VALUES(11,'Bust The Box','My old mate Tim''s gig in Brighton. He plays in the Carnival Collective too.
http://www.radioreverb.com/shows/bust-the-box',2,'2016-03-09 23:15:49.762915','2016-03-09 23:15:49.762915',NULL,NULL,NULL,NULL,NULL);
INSERT INTO "stories" VALUES(12,'The Peoples Assembly','Come join the Dig It crew for a trundle through central London on April 16
http://www.thepeoplesassembly.org.uk/hhje',2,'2016-03-17 10:24:11.440593','2016-03-17 10:24:11.440593',NULL,NULL,NULL,NULL,NULL);
INSERT INTO "stories" VALUES(13,'The Peoples Assembly - update','So we''ll be meeting at the northern end of Gower Street from midday on  april 16th - follow me on twitter @dannycarrier for precise location on the day.... wqe march to Traflagar square, throw a huge party there and then pedal into Soho to join the Record Store Day celebrations, ending up throwing a free party in Soho Square, I reckon! ',2,'2016-03-31 14:47:45.814927','2016-03-31 14:47:45.814927',NULL,NULL,NULL,NULL,NULL);
INSERT INTO "stories" VALUES(14,'The Peoples Assembly - update 2','We''ll be peddling through Camden Town (slowly) at about 11am and then making our way to the north end of Gower Street for midday - check out Twitter - @dannycarrier - for updates where to find your number one nine wheeled mobile rig! Good chance we''ll be joining our friends at CND so if you find them, you''ll hear us... Going to be a big one. ',2,'2016-04-13 16:00:26.319709','2016-04-13 16:00:26.319709',NULL,NULL,NULL,NULL,NULL);
INSERT INTO "stories" VALUES(15,'The Kentish Town Carnival','You all know how we love a good street party - and this one is bang right in the middle of our home town (meaning I don''t have to drag the system home through half of London after quenching the thirst all day!).
On Saturday, May 21st from around 1pm we''ll be playing you all our current favourites at the KTC. Find us at the junction of Busby Place and Torriano Avenue, NW5, and then, at around 4.45pm, peddling gently into Cantelowes Gardens for another hour or so of party tunes. There will be food, a bar, and loads of activities for kids of all ages - and of course, your number one, nine wheeled trike pulled sound system busting out the tunes. ',2,'2016-05-13 19:37:11.778535','2016-05-13 20:24:20.305494',NULL,NULL,NULL,NULL,NULL);
INSERT INTO "stories" VALUES(17,'Standon Calling','We''re more than pleased to announce we''ll be rocking it at Standon Calling at the end of July again this year. A great festival and not a schlep to get to from London!
https://www.youtube.com/watch?v=DHTcEjpOqzs',2,'2016-05-13 19:54:38.132350','2016-05-13 19:54:38.132350',NULL,NULL,NULL,NULL,NULL);
INSERT INTO "stories" VALUES(18,'Glastonbury','You''d like to to catch us dropping some tunes at the summers biggest party? Course you would - and yes you can!
Danny C will be playing in the Unfairground and Shrangri-la... Check here for set times and the precise venue! Come and say hello. ',2,'2016-05-13 19:56:44.546332','2016-05-13 19:56:44.546332',NULL,NULL,NULL,NULL,NULL);
INSERT INTO "stories" VALUES(19,'Ah, the good life.','https://www.youtube.com/watch?v=GKGy9DKikdI',2,'2016-05-13 19:56:59.971566','2016-05-13 19:56:59.971566',NULL,NULL,NULL,NULL,NULL);
INSERT INTO "stories" VALUES(20,'Easy Life, Cabaret Voltaire','https://www.youtube.com/watch?v=KsauHObdVLE',2,'2016-05-13 19:59:22.470335','2016-05-13 19:59:22.470335',NULL,NULL,NULL,NULL,NULL);
INSERT INTO "stories" VALUES(21,'Parlie Hill Bandstand','Don''t forget to put July 24th in the diary for our annual bandstand picnic Heathside takeover party! we''ll be kicking off around 2pm and taking it through outside till the early evening, before repairing to The Lord Palmerston for an evening knees up... 

https://www.youtube.com/watch?v=FwCGFmhEIM8',2,'2016-05-13 20:01:32.889483','2016-05-13 20:01:32.889483',NULL,NULL,NULL,NULL,NULL);
INSERT INTO "stories" VALUES(22,'Videos of the People''s Assembly march','Hey - now I know Facebook is rated fairly evil on the evil scale but hey - we''ve got a page and there are some cool videos up there of us pulling a proper fast one with the impromptu free Soho street party... check it out (and share, like and all that malarkey!)
https://www.facebook.com/Dig-It-Sound-System-117227898363872/ ',2,'2016-05-13 20:11:31.176101','2016-05-13 20:11:31.176101',NULL,NULL,NULL,NULL,NULL);
INSERT INTO "stories" VALUES(23,'Kicking it in Soho','''Mum, I''m just going out for a ride on my bike....''

https://www.youtube.com/watch?v=VhnDsWhPtXE',2,'2016-05-18 11:07:20.298678','2016-05-18 11:07:20.298678',NULL,NULL,NULL,NULL,NULL);
INSERT INTO "stories" VALUES(24,'On our birthday ( a few years back)...','...we decided to hit Inverness Street, Camden Town, up with an impromptu free rave up. 
Which, I think you will agree, was a/ nice of us and b/ a great idea. 

https://www.facebook.com/Dig-It-Sound-System-117227898363872/',2,'2016-05-18 11:20:19.133053','2016-05-18 11:20:19.133053',NULL,NULL,NULL,NULL,NULL);
INSERT INTO "stories" VALUES(25,'The Kentish Town Festival Saturday 21st May AFTERSHOW','News just in: after we''ve spent the day throwing a pavement disco in Busby Place, we''ll be peddling to the Parlie Hill running track to entertain the crowds there watching the evenings Olympic trials - great excuse to throw a party up the Heath... We''ll be there at around 7pm... ',2,'2016-05-21 02:59:57.490911','2016-05-21 02:59:57.490911',NULL,NULL,NULL,NULL,NULL);
INSERT INTO "stories" VALUES(26,'Glastonbury','A little bit of Dig It will be heading down the aptly named A303 to hang out with you all at Glastonbury... I''m playing at Wallys Bar on Thursday at 10pm for a couple of hours...I''ll be playing tunes at the Starf*ckers in Shangri-La at about 3am Friday night / Saturday morning, and I''m doing a couple of sessions in the Unfairground - details to follow. Come and say hello...',2,'2016-06-09 22:41:40.206573','2016-06-09 22:41:40.206573',NULL,NULL,NULL,NULL,NULL);
INSERT INTO "stories" VALUES(27,'Last week and this week...','It feels like summer has finally started - playing tunes with our friends on the band stand at Parlie Hill on Sunday was a lovely NW5 afternoon. 
This weekend we''re heading up the A10 to join the party at Standon Calling in Hertfordshire. 
Come and say hello X',2,'2016-07-27 22:51:52.149306','2016-07-27 22:51:52.149306',NULL,NULL,NULL,NULL,NULL);
INSERT INTO "stories" VALUES(28,'The York Rise Street Party','We''re getting things ready for one of our favourite annual shindigs - our very own street party.
Expect your usual Dig It shenanigans, two stages, plenty of grub, drink and a nice vibe all round. Sunday 11 September. See you there.',2,'2016-08-21 21:31:54.137012','2016-08-21 21:32:46.840868',NULL,NULL,NULL,NULL,NULL);
INSERT INTO "stories" VALUES(29,'The Bermondsey Street Festival','Our annual trip over the river takes place on Saturday 17 September. Starting at noon, we''ll be rocking out the platters that matter all afternoon and then on into the evening... Keep your eyes peeled as we''ve some extra special news to share in the coming days...
',2,'2016-08-27 05:15:35.846256','2016-08-27 05:15:35.846256',NULL,NULL,NULL,NULL,NULL);
INSERT INTO "stories" VALUES(30,'The Bermondsey Street Festival','This year, the festival organisers have moved us from our regular spot in Black Swan Yard a little way out on to the main stretch of Bermondsey Street... 
Find us at the north end of Bermondsey Street  - the London Bridge end - outside the Tanner and Co warehouse.
We start there at noon, and then when the festival finishes at 6pm, we''re moving the system about 15 yards inside the magnificent Tanner and Co warehouse to play a free party right through till 1am... 
Expect the usual groovy Dig It Djs, a wicked crowd and a totally extraordinary venue for a massive get down! ',2,'2016-09-07 18:07:48.482955','2016-09-07 18:07:48.482955',NULL,NULL,NULL,NULL,NULL);
INSERT INTO "stories" VALUES(31,'2017....','....is filling up with plenty of awesome events! see our calendar for more details...
',2,'2017-01-20 11:38:12.527028','2017-01-20 11:38:12.527028',NULL,NULL,NULL,NULL,NULL);
INSERT INTO "stories" VALUES(32,'Out on the streets','One of the pure unadulterated joys of Dig It is standing (pedalling?) shoulder to shoulder with people who share the same views and values as we do...it''s why going on marches is an integral facet of the DISS, and who can deny the joys of putting smiles on faces with a politically charged set in a bit of the capital where you don''t generally get to wave your arms or shake your thing? 
I''d always felt a certain ambivalence towards the European project - the Capitalist, exploit the workers, shaft the poor bit of it, not the ludicrous ''it''s not democratic, take back control'' nonsense spouted by little racist Englanders - and agreed with JC when he gave it a seven out of 10. I felt it could be improved - what government project can''t be? - but I certainly did not want to leave the damn thing.
So - we will be getting your number one mobile sound system out on March 25th to provide some carefully selected protest tuneage, some simple street rip-roarers, a few to make the old bill laugh and plenty to leave you feeling inspired. 
It''s going to be a big one, so we''re going to create a meeting point for Dig It friends to join us before we dive into the melee: let us know if you want the details and we''ll zap / ping them to you directly, or keep your eyes peeled and ears perked in our direction as we nail down the details. 
Bring dancing shoes, noise and beer for the DJ. 
Dig It.',2,'2017-01-31 06:42:15.892978','2017-01-31 06:42:15.892978',NULL,NULL,NULL,NULL,NULL);
INSERT INTO "stories" VALUES(33,'May Day, May Day....','Oh how I love a celebration - so much so, that I''m more than happy to hijack other peoples knees ups to get right in there and get involved...so when we were asked to help our friends at the amazing charity Global Generation do a ''Christmas'' party at the Skip Garden in King''s Cross, I stuck my ''bah humbug, Christmas ain''t one for me'' vibe away and was there with jingle-bells on...
Now its our turn to celebrate our equivalent of Chrimbo - yes - MAY DAY, an annual event that not only celebrates the fact the lighter, brighter days of the year are on their way (and the outdoor dancing that comes with it) but is of course International Workers Day, and has its roots in the political battles of Trade Unions back in the day... So - we''re immensely proud to be teaming up again with our friends Global Generation to take the Dig It Sound System, to the Skip Garden on Friday, April 28th  - the start of the May Day bank holiday weekend - to join in one of their most excellent Fire Feasts. 
Expect delicious food, throat tingling drink, fires to chill by and of course some stonking, strut your stuff music from the Dig It crew... 
',2,'2017-02-10 11:11:22.695491','2017-02-10 11:12:20.600015',NULL,NULL,NULL,NULL,NULL);
INSERT INTO "stories" VALUES(34,'Heath Party 2017','On Friday 30th June 2017 we take over the Parliament Hill band stand for our annual Heath Party- featuring all the usual free range dance music you expect from your number one mobile sound system. Check us out from 5pm onwards... ',2,'2017-06-23 13:49:41.585380','2017-06-23 13:49:41.585380',NULL,NULL,NULL,NULL,NULL);
INSERT INTO "stories" VALUES(35,'The People''s Assembly get busy... Saturday 1st July... ','Our friends at the People''s Assembly are hosting another massive central London march. It starts at Portland Place, top end of Regents Street, at midday - and we''ll be there!
We are meeting earlier in Camden Town en route from the Dig It HQ and then will also arrange a meeting point just a moments walk from the start of the march so we can gather our forces together... Keep your eyes on our FB page for exact details...see you there! ',2,'2017-06-23 13:51:55.623417','2017-06-23 13:51:55.623417',NULL,NULL,NULL,NULL,NULL);
INSERT INTO "stories" VALUES(36,'Boogaloo sessions','Every Friday from 5-7pm on https://www.mixcloud.com/BoogalooRadio/the-dig-it-sound-system-sessions-on-boogaloo/
for a few tunes and guests. Come up and hang out in the garden after work.',2,'2018-02-24 21:37:41.936572','2018-02-24 21:37:41.936572',NULL,NULL,NULL,NULL,NULL);
INSERT INTO "stories" VALUES(37,'Heath Party 2018','July 7th. 5pm onwards. Parliament Hill Fields band stand. Sound system. See you there.',2,'2018-02-24 21:39:57.449235','2018-02-24 21:39:57.449235',NULL,NULL,NULL,NULL,NULL);
INSERT INTO "stories" VALUES(38,'Alma Street 2018','Head down to NW5 on Sunday June the 17th for a sunny afternoon of tunes...',2,'2018-02-24 21:57:14.814866','2018-02-24 21:57:14.814866',NULL,NULL,NULL,NULL,NULL);
CREATE TABLE "comments" ("id" INTEGER PRIMARY KEY NOT NULL, "content" text, "user_id" integer, "story_id" integer, "photo_id" integer, "mixtape_id" integer, "created_at" datetime NOT NULL, "updated_at" datetime NOT NULL, "tune_id" integer, "video_id" integer, "event_id" integer);
INSERT INTO "comments" VALUES(1,'What are you talkin about man!',1,1,NULL,NULL,'2016-01-20 17:46:18.314038','2016-01-20 17:46:18.314038',NULL,NULL,NULL);
INSERT INTO "comments" VALUES(2,'That sounds like great fun',1,3,NULL,NULL,'2016-01-20 20:30:54.487654','2016-01-20 20:30:54.487654',NULL,NULL,NULL);
INSERT INTO "comments" VALUES(3,'Unfortunately we have had to pull out of this march, but the march is definately still going ahead!
http://www.stopwar.org.uk/index.php/events/stop-the-war-events-national/2713-20-feb-2016-london-stop-trident-national-demonstration',5,5,NULL,NULL,'2016-02-25 12:38:59.306023','2016-02-25 12:38:59.306023',NULL,NULL,NULL);
INSERT INTO "comments" VALUES(6,'What an amazing g day out that was. Thanks to everyone who helped organise the Kentish Town Festival. A little rail will never hold us back. And the band stand party at the end was perfect.',1,25,NULL,NULL,'2016-05-25 19:39:45.208023','2016-05-25 19:39:45.208023',NULL,NULL,NULL);
INSERT INTO "comments" VALUES(7,'What do you think of our new guy? He dropped the hat and glasses for a pair of phones.',1,NULL,58,NULL,'2016-06-17 11:28:13.727681','2016-06-17 11:28:13.727681',NULL,NULL,NULL);
INSERT INTO "comments" VALUES(8,'How did that go Dan? Hope you didn''t loose too much of your sanity - because we''ve got a few gigs coming up over the next few weeks.',1,NULL,NULL,NULL,'2016-06-29 10:45:47.980887','2016-06-29 10:45:47.980887',NULL,NULL,11);
CREATE TABLE "events" ("id" INTEGER PRIMARY KEY NOT NULL, "title" varchar, "venue" varchar DEFAULT '', "description" varchar DEFAULT '', "start_at" datetime, "end_at" datetime, "all_day" boolean, "user_id" integer, "created_at" datetime, "updated_at" datetime);
INSERT INTO "events" VALUES(1,'Standon Calling','Heartfordshire SG11 1EE','The best festival in the world! Our favourite and a regular spot on our calendar.
Read last year''s review from [Louder Than War](http://louderthanwar.com/standon-calling-festival-2015-standon-hertfordshire-live-review/)','2016-07-29 12:00:00.000000','2016-07-31 20:00:00.000000',NULL,1,'2016-03-15 19:44:18.089675','2016-03-15 19:50:46.268653');
INSERT INTO "events" VALUES(2,'The Peoples Assembly','Gower Street to Trafalgar Square and beyond','We take the rig out for a march for homes, jobs, education and health through central London...','2016-04-16 12:00:00.000000','2016-04-16 20:00:00.000000',NULL,2,'2016-03-31 14:49:25.507983','2016-05-15 11:26:06.214254');
INSERT INTO "events" VALUES(3,'The Kentish Town carnival','Busby Place','Street-side fun with dig It at NW5''s very own carnival, from 1pm onwards. ','2016-05-21 12:00:00.000000','2016-05-21 18:00:00.000000',NULL,2,'2016-05-13 19:39:33.388851','2016-05-13 19:39:33.388851');
INSERT INTO "events" VALUES(4,'Dig It On The Heath','Parliament Hill Band Stand','We''re doing a home turf gig on Hampstead Heath, This is the third year running. Last years evening at the band stand was a riot. This year we have the whole afternoon to rock the sunshine hits.','2016-07-24 12:00:00.000000','2016-06-24 18:00:00.000000',NULL,1,'2016-05-15 11:31:31.610996','2016-05-15 11:31:31.610996');
INSERT INTO "events" VALUES(5,'York Rise Street Party','York Rise NW5','A fantastic local street party. On The dig it doorstep. Loads of amazing local tallent, lovely food, charrity raffle, dog show and of course the legendary Dad''s Disco Dance Off. The Dig It Bike will be set up all day and hosting the ''main stage''.','2016-09-11 12:00:00.000000','2016-09-11 19:00:00.000000',NULL,1,'2016-05-15 11:36:09.264062','2016-05-15 11:36:09.264062');
INSERT INTO "events" VALUES(6,'Bermonsey Street Festival','Black Swan Yard SE1','Always an amazing event in the Dig It year. THousands of people descend on Bermonsey Street for food, music, fashion, and a rave in an alley with Dig It and The famous Bermonsey St Elvis''.','2016-09-17 12:00:00.000000','2016-09-17 19:00:00.000000',NULL,1,'2016-05-15 11:41:43.608529','2016-05-15 11:41:43.608529');
INSERT INTO "events" VALUES(7,'Private Event','Secret Location','This event is not open to the public.','2016-07-23 16:00:00.000000','2016-07-23 22:00:00.000000',NULL,1,'2016-06-01 09:23:10.481642','2016-06-01 09:23:10.481642');
INSERT INTO "events" VALUES(8,'Private Event','The City','This is a private party','2016-07-02 16:00:00.000000','2016-07-02 23:00:00.000000',NULL,1,'2016-06-07 09:40:22.662774','2016-06-07 09:40:22.662774');
INSERT INTO "events" VALUES(11,'Glastonbury','The Unfairground and Shangri-la','If you fancy some Dig It Sound System style action at Glastonbury, Dan will be dj''ing at 10pm Thursday at Wallys Bar near Shangri-la, playing on Friday night at 3am (Saturday morning really!) in Starf*Ckers in Shangri-La, and then doing a couple of sessions at the Unfairground. I''ll post up times etc on Facebook and on Twitter @dannycarrier so come and say hi - see you down on the farm...','2016-06-24 00:00:00.000000','2016-06-26 00:00:00.000000',NULL,2,'2016-06-09 13:32:01.240347','2016-06-09 23:27:28.390709');
INSERT INTO "events" VALUES(12,'Glastonbury','Wallys Bar','If you fancy some Dig It Sound System style action at Glastonbury, Dan will be djing at 10pm Thursday at Wallys Bar near Shangri-la, playing on Friday and Saturday in both Shangri-la and the Unfairground, and will post exact times of sets on facebook and on twitter. @dannycarrier 
Come say hi - see you down on the farm...','2016-06-23 22:00:00.000000','2016-06-24 02:00:00.000000',NULL,1,'2016-06-09 13:36:45.348077','2016-06-09 13:48:00.586589');
INSERT INTO "events" VALUES(13,'Chilling out in Camden Town','Castlehaven','We help our friends at the Castlehaven Community Centre celebrate 30 years of community activism. Expect a few tunes, nice food, bands and stuff for the family.','2016-07-16 12:00:00.000000','2016-07-16 17:00:00.000000',NULL,1,'2016-06-09 23:25:24.656782','2016-06-29 21:12:32.805511');
INSERT INTO "events" VALUES(14,'Vintage Car Boot','Granary Square, King Cross','The Vintage Car Boot Sale is a celebration of cars, culture and  cool. We''ll be trundling around on the Disco bike bringing you some good old fashion fun, Dig It Sound System style.','2016-10-01 12:00:00.000000','2016-10-01 18:00:00.000000',NULL,1,'2016-09-28 07:15:35.697698','2016-09-28 07:15:35.697698');
INSERT INTO "events" VALUES(15,'Dig It Does The Fire Feast','Skip Garden, Kings Cross','Fancy a Friday night get down in the most terrific of December surroundings? 

You do? 

Well get your lovely selves along to Dig It meets the Global Generation crew! 

We''re joining forces at the King''s Cross Skip Gardens annual ''Fire Feast'' on Friday December 9th...

It''s free entry (or you can buy a ticket that allows you more delicious chow and hydration than your senses could possibly manage) and we''ll be playing all the conscious Chrimbo crackers!

Here''s the low down:

https://www.eventbrite.co.uk/e/fire-feast-tickets-28498626158

Warm your toots, cockles, soul and whatever other bits are in need of some funked up TLC by the gardens fire pits, explore this ingenious urban wonderland and share some seasonal hey-ho''s with Dig It''s little helpers...

Let''s dig it...','2016-12-09 17:00:00.000000','2016-12-09 23:00:00.000000',NULL,1,'2016-11-18 16:40:05.214189','2016-11-18 16:40:05.214189');
INSERT INTO "events" VALUES(16,'Dig It NYE','Tozi, 8 Gillingham Street, SW1V 1HJ','This year we''ll be returning to Tozi in Victoria to throw a free party to ring in the 2017.  ','2016-12-31 20:30:00.000000','2017-01-01 02:30:00.000000',NULL,1,'2016-11-18 16:51:27.750827','2016-11-18 16:51:27.750827');
INSERT INTO "events" VALUES(18,'Private Party','Capri','','2017-06-09 00:00:00.000000','2017-06-12 00:00:00.000000',NULL,1,'2017-01-09 14:32:43.790678','2017-01-09 14:32:43.790678');
INSERT INTO "events" VALUES(19,'People Assembly Anti Austerity March','Trafalgar Square','We''re joining the People Assembly anti-austerity march. Keep an eye on social media for details of meeting points etc. More info from People Assembly here:
http://www.thepeoplesassembly.org.uk/not_one_day_more_toriesout_national_demonstration
','2017-07-01 12:00:00.000000','2017-07-01 20:00:00.000000',NULL,1,'2017-01-13 15:26:57.617106','2017-06-19 08:37:25.747455');
INSERT INTO "events" VALUES(20,'London Pride','Through the streets, ending in Soho Square','Your number one pedal-pulled sound hits the West End to say peace, love, equality. ','2017-07-08 12:00:00.000000','2017-07-08 20:00:00.000000',NULL,2,'2017-01-13 15:28:44.734476','2017-01-13 15:28:44.734476');
INSERT INTO "events" VALUES(21,'Standon Calling','Hertfordshire','Join us in a field. ','2017-07-28 15:27:00.000000','2017-07-31 15:27:00.000000',NULL,2,'2017-01-13 15:29:34.092920','2017-01-13 15:29:34.092920');
INSERT INTO "events" VALUES(23,'York Rise Street Party','York Rise NW5','It''s our very own street party, on our front door steps...','2017-09-10 12:00:00.000000','2017-09-10 21:00:00.000000',NULL,2,'2017-01-13 16:01:21.088233','2017-01-13 16:01:21.088233');
INSERT INTO "events" VALUES(24,'The Royal','Willesden','Pub lock in','2017-02-04 12:28:00.000000',NULL,NULL,2,'2017-01-20 12:29:59.448736','2017-02-08 16:03:00.719310');
INSERT INTO "events" VALUES(25,'Alma Street','NW5','It''s the annual K Town party','2017-06-04 00:00:00.000000','2017-06-04 19:00:00.000000',NULL,2,'2017-01-23 20:42:20.759634','2017-01-23 20:42:20.759634');
INSERT INTO "events" VALUES(26,'The world is my country','Central London','We''re hitting the streets to blow faspberries into rave horns ','2017-03-25 10:00:00.000000','2017-03-25 00:00:00.000000',NULL,2,'2017-01-31 06:51:41.966407','2017-01-31 06:51:41.966407');
INSERT INTO "events" VALUES(27,'May Day Party','Skip Garden','We always love a May Day party. This year, we''re in discussions with our good friends at the Skip Garden in Kings Cross to see if we can do something there. The Fire Feast last December was an amazing party.','2017-04-28 19:00:00.000000','2017-04-28 23:00:00.000000',NULL,1,'2017-02-08 15:49:05.113811','2017-02-20 11:09:42.888706');
INSERT INTO "events" VALUES(28,'The Boylies Birthday','TBD','Resident Masher Upper Caza B and her evil twin are hitting the big four uh-oh. Obvs the Dig It Sound System will be there in full effect!','2017-09-02 20:00:00.000000','2017-09-04 05:00:00.000000',NULL,1,'2017-02-08 16:12:56.238584','2017-02-08 16:13:36.021217');
INSERT INTO "events" VALUES(29,'Theresa''s 40th','TBD','Long time friend of Dig It is getting the full backing from the Sound System for her big Birthday.','2017-09-30 21:00:00.000000','2017-09-30 23:00:00.000000',NULL,1,'2017-02-08 16:15:59.856709','2017-02-08 16:16:54.701361');
INSERT INTO "events" VALUES(30,'Private Event','Clophill Centre','','2017-08-05 12:00:00.000000','2017-08-06 02:00:00.000000',NULL,1,'2017-02-08 16:19:40.982599','2017-07-11 07:11:28.053477');
INSERT INTO "events" VALUES(31,'The Band Stand','Parliament Hill, Hampstead Heath','We''re taking to the heath for our annual home town gig. This year we''re on Friday night, great chance to listen to some great music, have a picnic, after work drinks, or just chill in the sunshine. We''ll all be heading down to the Dartmouth Arms afterwards for a few more drinks.','2017-06-30 17:00:00.000000','2017-06-30 21:00:00.000000',NULL,1,'2017-06-19 08:42:24.445009','2017-06-19 08:42:24.445009');
INSERT INTO "events" VALUES(32,'Bermondsey Street Fair','Black Swan Yard, SE1 3','Our annual trip south of the river, and one of the biggest street parties in the London''s Calendar. This year we''re back in our spiritual home of Black Swan Yard to throw a filthy back street rave up a nice bright alleyway. There are plenty of photos from gigs past in the [gallery](/photos/) section.','2017-09-16 12:00:00.000000','2017-09-16 19:00:00.000000',NULL,1,'2017-08-08 10:42:48.469479','2017-08-09 08:25:39.288234');
INSERT INTO "events" VALUES(33,'Dig It Festive Throwdown','Kings Cross Skip Garden','We join forces with our friends at Global Generation to bring you another immense groove at the Skip Garden!
Dig It DJ’s, lovely food and booze, fires to hang out by, beautiful surroundings...
Free entry - but you can buy food tickets by following the online link... 
https://grubclub.com/skip-garden/skip-garden-mid-winter-fire-feast/21384','2017-12-16 18:00:00.000000','2017-12-16 23:00:00.000000',NULL,1,'2017-11-14 09:00:35.893576','2017-11-14 09:00:35.893576');
INSERT INTO "events" VALUES(34,'Parlie Hill Band Stand','Up the Fields, NW5','Our annual little get together on Hampstead Heath, this ones always a right old shakedown. Meet us up by the band stand on Parlie Hill Fields from about 5pm, and then follow us to an after party when the suns gone down...','2018-07-06 17:00:00.000000','2018-07-06 21:00:00.000000',NULL,2,'2018-02-24 21:22:24.845764','2018-02-24 21:22:24.845764');
INSERT INTO "events" VALUES(35,'Private gig ','The Dartmouth Arms','A party in honour of a Dig It regular''s birthday','2018-03-16 19:00:00.000000','2018-03-16 22:00:00.000000',NULL,2,'2018-02-24 21:23:41.055244','2018-02-24 21:23:41.055244');
INSERT INTO "events" VALUES(36,'Standon Calling 2018','Standon, Herts','Our annual Dig It family camping trip in the rolling little valley of Standon Lordship...','2018-07-26 18:00:00.000000','2018-07-22 22:00:00.000000',NULL,2,'2018-02-24 21:33:16.140850','2018-02-24 21:33:16.140850');
INSERT INTO "events" VALUES(37,'Alma Street','Back streets of Kentish Town','A lovely little street corner take over, as guests of the Alma Street Party.','2018-06-17 12:00:00.000000','2018-06-17 19:00:00.000000',NULL,2,'2018-02-24 21:51:02.452834','2018-02-24 21:51:02.452834');
CREATE TABLE "videos" ("id" INTEGER PRIMARY KEY NOT NULL, "title" varchar, "description" varchar, "url" varchar, "score" integer DEFAULT 0, "order" datetime, "user_id" integer, "created_at" datetime NOT NULL, "updated_at" datetime NOT NULL);
INSERT INTO "videos" VALUES(1,'Dig It @ Field Day 2012','Hay fever...','https://www.youtube.com/watch?v=OGpAuNzmAbQ',1464079215,NULL,2,'2016-05-24 08:38:06.327242','2016-06-09 23:19:13.991465');
INSERT INTO "videos" VALUES(3,'Dig It Sound System post-People''s Assembly','We took to the streets of Soho for a post protest street rave. Massive fun.','https://www.youtube.com/watch?v=VhnDsWhPtXE',1464079505,NULL,2,'2016-05-24 08:45:05.549921','2016-06-09 23:18:47.039378');
INSERT INTO "videos" VALUES(4,'Dig It in Bermondsey','A little bit of stolen footage at one of our lovely Black Swan Yard, Bermondsey Street Festival parties...see you there in September....','https://www.youtube.com/watch?v=51WPqQRQkcE',1465513227,NULL,2,'2016-06-09 23:00:27.518511','2016-06-09 23:00:27.518511');
INSERT INTO "videos" VALUES(6,'An oldie...','This was posted up by some one who caught up with us one Saturday afternoon when we were taking the system out on a TUC march...ended up being a massive party...','https://www.youtube.com/watch?v=8WOpbQds6_E',1465514302,NULL,2,'2016-06-09 23:18:22.230624','2016-06-09 23:18:22.230624');
CREATE TABLE "tunes" ("id" INTEGER PRIMARY KEY NOT NULL, "url" varchar, "artist" varchar, "title" varchar, "html" varchar, "score" integer DEFAULT 0, "user_id" integer, "created_at" datetime NOT NULL, "updated_at" datetime NOT NULL);
INSERT INTO "tunes" VALUES(1,'https://soundcloud.com/banxnranx/bob-marley-get-up-stand-up','Bob Marley','Get Up Stand Up (BANX & RANX REMIX)','<iframe width="100%" height="150" scrolling="no" frameborder="no" src="https://w.soundcloud.com/player/?visual=true&url=http%3A%2F%2Fapi.soundcloud.com%2Ftracks%2F144865131&show_artwork=true"></iframe>',1454958998,1,'2016-02-08 19:15:02.550421','2016-05-24 14:54:52.978481');
INSERT INTO "tunes" VALUES(2,'https://www.youtube.com/watch?v=5tv_GCkEWZE','Omar feat Stevie Wonder','Feelin You','<iframe src="http://www.youtube.com/embed/5tv_GCkEWZE"></iframe>',1457565920,1,'2016-02-08 19:16:38.327890','2016-05-26 10:09:15.648079');
INSERT INTO "tunes" VALUES(3,'https://m.soundcloud.com/dope-ammo/beats-international-dub-be-good-to-me-dope-ammo-rmx-free-download','Beats International','Dub Be Good To Me - Dope Ammo Rmx','<iframe width="100%" height="150" scrolling="no" frameborder="no" src="https://w.soundcloud.com/player/?visual=true&url=http%3A%2F%2Fapi.soundcloud.com%2Ftracks%2F238943128&show_artwork=true"></iframe>',1455204058,1,'2016-02-11 15:20:58.528974','2016-05-24 14:52:00.793269');
INSERT INTO "tunes" VALUES(4,'https://www.youtube.com/watch?v=TYK_gCASluY','Jesse Perez','This Ain''t No Rave','<iframe src="http://www.youtube.com/embed/TYK_gCASluY"></iframe>',1456594822,1,'2016-02-27 17:40:22.902890','2016-05-24 14:52:00.800925');
INSERT INTO "tunes" VALUES(5,'https://www.youtube.com/watch?v=Ag8HoZDuzxc','KiNK','Cloud Generator','<iframe src="http://www.youtube.com/embed/Ag8HoZDuzxc"></iframe>',1456750813,1,'2016-02-29 13:00:13.351079','2016-05-24 14:52:00.808042');
INSERT INTO "tunes" VALUES(7,'https://soundcloud.com/mrstabalina/give-it-up-gimme-five-scour-records-freemix?in=digitdan/sets/break-beat-january-2016-2','Mr Stabalina ','Give It Up Give Me Five','<iframe width="100%" height="150" scrolling="no" frameborder="no" src="https://w.soundcloud.com/player/?visual=true&url=http%3A%2F%2Fapi.soundcloud.com%2Ftracks%2F241311343&show_artwork=true&in=digitdan%2Fsets%2Fbreak-beat-january-2016-2"></iframe>',1457045343,2,'2016-03-03 22:49:03.477638','2016-05-24 14:52:00.814913');
INSERT INTO "tunes" VALUES(9,'https://soundcloud.com/father-funk/bobby-mcferrin-remix?in=digitdan/sets/november-2015','Bobby McFerrin gets the Father Funk treatment','Don''t Worry','<iframe width="100%" height="150" scrolling="no" frameborder="no" src="https://w.soundcloud.com/player/?visual=true&url=http%3A%2F%2Fapi.soundcloud.com%2Ftracks%2F157165556&show_artwork=true&in=digitdan%2Fsets%2Fnovember-2015"></iframe>',1457045729,2,'2016-03-03 22:55:29.423646','2016-05-24 14:52:00.821989');
INSERT INTO "tunes" VALUES(12,'https://soundcloud.com/mr-rich-and-the-caretaker/rude-boy?in=digitdan/sets/break-beat-jan-2016','Mr Rich and the Caretaker','Rude Boy','<iframe width="100%" height="150" scrolling="no" frameborder="no" src="https://w.soundcloud.com/player/?visual=true&url=http%3A%2F%2Fapi.soundcloud.com%2Ftracks%2F243709500&show_artwork=true&in=digitdan%2Fsets%2Fbreak-beat-jan-2016"></iframe>',1457046226,2,'2016-03-03 23:03:46.759587','2016-05-24 14:52:00.828907');
INSERT INTO "tunes" VALUES(13,'https://soundcloud.com/dustytonez/buffalo-springfield-for-what-1?in=digitdan/sets/break-beat-jan-2016','Buffalo Springfield','For What It''s Worth (Dusty Tonez Remix)','<iframe width="100%" height="150" scrolling="no" frameborder="no" src="https://w.soundcloud.com/player/?visual=true&url=http%3A%2F%2Fapi.soundcloud.com%2Ftracks%2F74431186&show_artwork=true&in=digitdan%2Fsets%2Fbreak-beat-jan-2016"></iframe>',1457046717,2,'2016-03-03 23:09:47.725589','2016-05-26 10:09:46.198759');
INSERT INTO "tunes" VALUES(14,'https://soundcloud.com/wbbl/give-it-up?in=digitdan/sets/break-beat-jan-2016','WBBL','Give It Up','<iframe width="100%" height="150" scrolling="no" frameborder="no" src="https://w.soundcloud.com/player/?visual=true&url=http%3A%2F%2Fapi.soundcloud.com%2Ftracks%2F208434010&show_artwork=true&in=digitdan%2Fsets%2Fbreak-beat-jan-2016"></iframe>',1457047182,2,'2016-03-03 23:11:57.587454','2016-05-26 10:09:28.436856');
INSERT INTO "tunes" VALUES(16,'https://soundcloud.com/robosonic/eddie-amador-house-music-robosonic-remix?in=dig-it-sound-system/sets/ear-eye-am-selection','Essie Amadour','House Music Robosonic remix','<iframe width="100%" height="150" scrolling="no" frameborder="no" src="https://w.soundcloud.com/player/?visual=true&url=http%3A%2F%2Fapi.soundcloud.com%2Ftracks%2F170876519&show_artwork=true&in=dig-it-sound-system%2Fsets%2Fear-eye-am-selection"></iframe>',1457566977,2,'2016-03-03 23:19:42.840570','2016-05-26 10:09:09.344462');
INSERT INTO "tunes" VALUES(20,'https://soundcloud.com/captainflatcap/jenova-collective-say-what-you-want-captain-flatcap-remix?in=digitdan/sets/break-beat-january-2016-2','Captain Flatcap','Jenova Collective - Say What You Want','<iframe width="100%" height="150" scrolling="no" frameborder="no" src="https://w.soundcloud.com/player/?visual=true&url=http%3A%2F%2Fapi.soundcloud.com%2Ftracks%2F243237789&show_artwork=true&in=digitdan%2Fsets%2Fbreak-beat-january-2016-2"></iframe>',1463304722,2,'2016-03-09 23:21:20.214928','2016-05-26 10:09:05.001232');
INSERT INTO "tunes" VALUES(21,'https://soundcloud.com/bbprecordings/funky-joe-papas-got-a-brand-new-bag-bbp-powerhour-free-download?in=digitdan/sets/break-beat-january-2016-2','Funky Joe','Papas Got A Brand New Bag','<iframe width="100%" height="150" scrolling="no" frameborder="no" src="https://w.soundcloud.com/player/?visual=true&url=http%3A%2F%2Fapi.soundcloud.com%2Ftracks%2F228463418&show_artwork=true&in=digitdan%2Fsets%2Fbreak-beat-january-2016-2"></iframe>',1457565680,2,'2016-03-09 23:25:20.411362','2016-05-26 10:09:22.968007');
INSERT INTO "tunes" VALUES(23,'https://soundcloud.com/dubsonic/the-specials-ghost-town?in=digitdan/sets/ghost-town','Dubsonic meets The Specials','Ghost Town','<iframe width="100%" height="150" scrolling="no" frameborder="no" src="https://w.soundcloud.com/player/?visual=true&url=http%3A%2F%2Fapi.soundcloud.com%2Ftracks%2F58310732&show_artwork=true&in=digitdan%2Fsets%2Fghost-town"></iframe>',1464257328,2,'2016-03-09 23:42:57.033378','2016-07-13 14:16:25.651550');
INSERT INTO "tunes" VALUES(24,'https://m.soundcloud.com/leo-mendes/josh-wink-higher-state-of-consciousness-leo-mendes-juan-huayamares-2015-mix-free-download','Josh Wink','Higher State Of Consciousness (Leo Mendes & Juan Huayamares 2015 Mix)','<iframe width="100%" height="150" scrolling="no" frameborder="no" src="https://w.soundcloud.com/player/?visual=true&url=http%3A%2F%2Fapi.soundcloud.com%2Ftracks%2F171418853&show_artwork=true"></iframe>',1457046587,1,'2016-05-15 09:32:02.034958','2016-05-26 10:09:46.207625');
INSERT INTO "tunes" VALUES(25,'https://www.youtube.com/watch?v=G5G0CzhOmnM','Scam','Acid Love','<iframe src="http://www.youtube.com/embed/G5G0CzhOmnM"></iframe>',1464102911,1,'2016-05-26 10:08:48.014773','2016-07-13 14:16:25.659515');
INSERT INTO "tunes" VALUES(26,'https://soundcloud.com/cockneynutjob/01-cockney-nutjob-easy-anth?in=cockneynutjob/sets/heads-boppin-ep','Cockney Nutjob','Heads Boppin''','<iframe width="100%" height="150" scrolling="no" frameborder="no" src="https://w.soundcloud.com/player/?visual=true&url=http%3A%2F%2Fapi.soundcloud.com%2Ftracks%2F230599040&show_artwork=true&in=cockneynutjob%2Fsets%2Fheads-boppin-ep"></iframe>',1465632187,2,'2016-06-09 22:54:14.492451','2016-07-13 14:15:07.322690');
INSERT INTO "tunes" VALUES(27,'https://soundcloud.com/switchstance-recordings/ancient-astronauts-all-of-the-things-you-do-feat-tippa-irie-snip','Astronauts featuring Tipper Irie','Everything I know','<iframe width="100%" height="150" scrolling="no" frameborder="no" src="https://w.soundcloud.com/player/?visual=true&url=http%3A%2F%2Fapi.soundcloud.com%2Ftracks%2F221679847&show_artwork=true"></iframe>',1468313228,2,'2016-06-11 08:03:07.118605','2016-07-13 14:15:02.689388');
INSERT INTO "tunes" VALUES(28,'https://soundcloud.com/gibbon-records/giblp005-johan-lundin-raven','Johan Lundin','Raven (Original Mix)','<iframe width="100%" height="150" scrolling="no" frameborder="no" src="https://w.soundcloud.com/player/?visual=true&url=http%3A%2F%2Fapi.soundcloud.com%2Ftracks%2F272147354&show_artwork=true"></iframe>',1468419292,1,'2016-07-12 08:47:08.991428','2016-07-13 14:14:59.091880');
INSERT INTO "tunes" VALUES(29,'https://soundcloud.com/whypeopledance/premiere-mr-tc-surf-and-destroy-optimo-music','MR TC','Surf And Destroy','<iframe width="100%" height="150" scrolling="no" frameborder="no" src="https://w.soundcloud.com/player/?visual=true&url=http%3A%2F%2Fapi.soundcloud.com%2Ftracks%2F272750523&show_artwork=true"></iframe>',1465512854,1,'2016-07-13 14:14:52.650340','2016-07-13 14:16:06.537242');
INSERT INTO "tunes" VALUES(30,'https://soundcloud.com/iamjustclay/06-rocksteady?in=digitdan/sets/random-loveliness','Clay','Rocksteady','<iframe width="100%" height="150" scrolling="no" frameborder="no" src="https://w.soundcloud.com/player/?visual=true&url=http%3A%2F%2Fapi.soundcloud.com%2Ftracks%2F115337013&show_artwork=true&in=digitdan%2Fsets%2Frandom-loveliness"></iframe>',1474743363,2,'2016-09-24 18:56:03.568973','2016-09-24 18:56:03.568973');
INSERT INTO "tunes" VALUES(31,'https://soundcloud.com/easynowrecordings/dj-maars-morning-skank?in=digitdan/sets/random-loveliness','DJ Maars','Morning Skank','<iframe width="100%" height="150" scrolling="no" frameborder="no" src="https://w.soundcloud.com/player/?visual=true&url=http%3A%2F%2Fapi.soundcloud.com%2Ftracks%2F220074627&show_artwork=true&in=digitdan%2Fsets%2Frandom-loveliness"></iframe>',1474743519,2,'2016-09-24 18:58:39.064287','2016-09-24 18:58:39.064287');
INSERT INTO "tunes" VALUES(32,'https://soundcloud.com/dig-it-sound-system/tell-dem-bout-dig-it','Dig It Sound System','Tell Dem Bout Dig It','<iframe width="100%" height="150" scrolling="no" frameborder="no" src="https://w.soundcloud.com/player/?visual=true&url=http%3A%2F%2Fapi.soundcloud.com%2Ftracks%2F287289362&show_artwork=true"></iframe>',1485855906,1,'2016-10-12 08:41:37.932616','2017-01-31 09:45:09.852407');
INSERT INTO "tunes" VALUES(33,'https://www.youtube.com/watch?v=m2fcDbCrBKU','Jah Screechy','Walk and Skank','<iframe src="http://www.youtube.com/embed/m2fcDbCrBKU"></iframe>',1476261697,1,'2016-11-08 09:04:59.516541','2016-11-18 16:57:34.251610');
INSERT INTO "tunes" VALUES(34,'https://soundcloud.com/phibes/m-beat-feat-general-levy-incrediblephibes-edit','M-Beat Feat General Levy','Incredible (Phibes Remix)','<iframe width="100%" height="150" scrolling="no" frameborder="no" src="https://w.soundcloud.com/player/?visual=true&url=http%3A%2F%2Fapi.soundcloud.com%2Ftracks%2F289773734&show_artwork=true"></iframe>',1478595899,1,'2016-11-18 16:57:19.699384','2016-11-18 16:58:08.834573');
INSERT INTO "tunes" VALUES(35,'https://soundcloud.com/father-funk/tarantula-remix','Pendulum','Tarantula (Father Funk Remix)','<iframe width="100%" height="150" scrolling="no" frameborder="no" src="https://w.soundcloud.com/player/?visual=true&url=http%3A%2F%2Fapi.soundcloud.com%2Ftracks%2F295857224&show_artwork=true"></iframe>',1479488239,1,'2016-12-07 12:00:09.906470','2016-12-07 12:00:39.588061');
INSERT INTO "tunes" VALUES(36,'https://www.youtube.com/watch?v=Db4Otx2ykCo','2 Late 4 Love','Roy of the Ravers','<iframe src="http://www.youtube.com/embed/Db4Otx2ykCo"></iframe>',1481112009,1,'2016-12-07 12:03:32.339756','2016-12-07 12:03:38.574213');
INSERT INTO "tunes" VALUES(37,'https://www.youtube.com/watch?v=W18XIA6VboA','Victor Ruiz & Alex Stein','Enemy (Original Mix)','<iframe src="http://www.youtube.com/embed/W18XIA6VboA"></iframe>',1481112212,1,'2016-12-12 11:59:45.012244','2016-12-12 11:59:49.380493');
INSERT INTO "tunes" VALUES(38,'https://soundcloud.com/curly-rita/altern-8-infiltrate-202','curly.rita','Altern 8 – Infiltrate 202','<iframe width="100%" height="150" scrolling="no" frameborder="no" src="https://w.soundcloud.com/player/?visual=true&url=http%3A%2F%2Fapi.soundcloud.com%2Ftracks%2F79628390&show_artwork=true"></iframe>',1481543985,1,'2017-01-17 10:31:20.708616','2017-01-17 10:31:28.077369');
INSERT INTO "tunes" VALUES(39,'https://soundcloud.com/thehouseofdisco/the-doors-riders-on-the-storm-luxxury-live-remix','House of Disco Records','The Doors - Riders on the Storm (Luxxury Live Remix)','<iframe width="100%" height="150" scrolling="no" frameborder="no" src="https://w.soundcloud.com/player/?visual=true&url=http%3A%2F%2Fapi.soundcloud.com%2Ftracks%2F215979823&show_artwork=true"></iframe>',1484649080,1,'2017-01-24 16:08:24.596294','2017-01-24 16:08:29.416373');
INSERT INTO "tunes" VALUES(40,'https://soundcloud.com/dj-cut-la-vis/cut-la-vis-ft-lotek-rinse-and-repeat-boom-bap-remix','DJ Cut La Vis','Rinse And Repeat ft. Lotek - Boom Bap Remix','<iframe width="100%" height="150" scrolling="no" frameborder="no" src="https://w.soundcloud.com/player/?visual=true&url=http%3A%2F%2Fapi.soundcloud.com%2Ftracks%2F305230516&show_artwork=true"></iframe>',1485274104,1,'2017-01-31 09:45:06.334844','2017-01-31 09:45:09.928314');
INSERT INTO "tunes" VALUES(41,'https://soundcloud.com/louis-marle/omar-s-bitch-ill-buy-another-one','Omar S','Bitch.... I''ll buy another one!!!','<iframe width="100%" height="150" scrolling="no" frameborder="no" src="https://w.soundcloud.com/player/?visual=true&url=http%3A%2F%2Fapi.soundcloud.com%2Ftracks%2F261804906&show_artwork=true"></iframe>',1488556912,1,'2017-03-03 16:01:52.933935','2017-03-03 16:05:03.806157');
INSERT INTO "tunes" VALUES(42,'https://www.youtube.com/watch?v=HH3hzv07ick','Protoje','Who Knows (Shy FX Remix)','<iframe src="http://www.youtube.com/embed/HH3hzv07ick"></iframe>',1518784368,1,'2018-02-16 12:32:48.196830','2018-02-16 12:32:48.196830');
DELETE FROM sqlite_sequence;
INSERT INTO "sqlite_sequence" VALUES('users',39);
INSERT INTO "sqlite_sequence" VALUES('stories',38);
INSERT INTO "sqlite_sequence" VALUES('comments',8);
INSERT INTO "sqlite_sequence" VALUES('photos',70);
INSERT INTO "sqlite_sequence" VALUES('mixtapes',20);
INSERT INTO "sqlite_sequence" VALUES('events',37);
INSERT INTO "sqlite_sequence" VALUES('videos',6);
INSERT INTO "sqlite_sequence" VALUES('tunes',42);
CREATE UNIQUE INDEX "unique_schema_migrations" ON "schema_migrations" ("version");
CREATE UNIQUE INDEX "index_users_on_email" ON "users" ("email");
CREATE UNIQUE INDEX "index_users_on_reset_password_token" ON "users" ("reset_password_token");
CREATE INDEX "index_mixtapes_on_user_id" ON "mixtapes" ("user_id");
CREATE INDEX "index_stories_on_user_id" ON "stories" ("user_id");
CREATE INDEX "index_stories_on_user_id_and_created_at" ON "stories" ("user_id", "created_at");
CREATE INDEX "index_comments_on_user_id" ON "comments" ("user_id");
CREATE INDEX "index_comments_on_story_id" ON "comments" ("story_id");
CREATE INDEX "index_comments_on_photo_id" ON "comments" ("photo_id");
CREATE INDEX "index_comments_on_mixtape_id" ON "comments" ("mixtape_id");
CREATE INDEX "index_comments_on_user_id_and_created_at" ON "comments" ("user_id", "created_at");
CREATE INDEX "index_comments_on_story_id_and_created_at" ON "comments" ("story_id", "created_at");
CREATE INDEX "index_comments_on_photo_id_and_created_at" ON "comments" ("photo_id", "created_at");
CREATE INDEX "index_comments_on_mixtape_id_and_created_at" ON "comments" ("mixtape_id", "created_at");
CREATE INDEX "index_comments_on_tune_id" ON "comments" ("tune_id");
CREATE INDEX "index_videos_on_order" ON "videos" ("order");
CREATE INDEX "index_videos_on_user_id" ON "videos" ("user_id");
CREATE INDEX "index_comments_on_video_id" ON "comments" ("video_id");
CREATE INDEX "index_comments_on_event_id" ON "comments" ("event_id");
CREATE INDEX "index_tunes_on_user_id" ON "tunes" ("user_id");
COMMIT;
